tiempo_ms,pwm_us,altura_cm
50,1762,11.04
100,1762,11.04
150,1762,11.94
200,1762,13.41
250,1762,11.63
300,1762,11.63
350,1762,11.34
400,1762,13.41
450,1762,13.41
500,1762,12.23
550,1762,12.23
600,1762,12.23
650,1762,12.23
700,1762,11.94
750,1762,11.94
800,1762,11.64
850,1762,12.52
900,1762,12.52
950,1762,13.41
1000,1762,13.41
1050,1762,12.54
1100,1762,14.23
1150,1762,14.25
1200,1762,14.01
1250,1762,13.12
1300,1762,12.23
1350,1762,12.23
1400,1762,12.23
1450,1762,12.23
1500,1762,12.23
1550,1762,12.23
1600,1762,12.23
1650,1762,13.12
1700,1762,14.01
1750,1762,13.99
1800,1762,14.01
1850,1762,14.89
1900,1762,13.7
1950,1762,13.7
2000,1762,11.92
2050,1762,11.94
2100,1762,11.94
2150,1762,12.83
2200,1762,11.94
2250,1762,12.83
2300,1762,12.81
2350,1762,12.83
2400,1762,12.83
2450,1762,13.72
2500,1762,13.41
2550,1762,13.41
2600,1762,12.52
2650,1762,12.52
2700,1762,13.43
2750,1762,14.01
2800,1762,13.12
2851,1762,13.12
2901,1762,13.12
2951,1762,13.12
3001,1762,14.89
3051,1762,13.7
3101,1762,12.83
3151,1762,12.83
3201,1762,12.83
3251,1762,12.81
3301,1762,12.83
3351,1762,12.81
3401,1762,12.83
3451,1762,12.83
3501,1762,13.7
3551,1762,14.56
3601,1762,13.41
3651,1762,14.01
3701,1762,14.89
3751,1762,13.7
3801,1762,14.58
3851,1762,14.01
3901,1762,14.01
3951,1762,13.7
4001,1762,14.56
4051,1762,14.01
4101,1762,14.56
4151,1762,15.21
4201,1762,14.56
4251,1762,15.21
4302,1762,15.85
4352,1762,15.52
4402,1762,14.89
4452,1762,15.85
4502,1762,16.5
4552,1762,16.19
4602,1762,16.17
4652,1762,15.86
4702,1762,16.82
4752,1762,16.5
4802,1762,16.5
4852,1762,16.5
4902,1762,16.5
4952,1762,16.5
5002,1812,16.5
5052,1812,16.5
5102,1812,16.5
5152,1812,16.17
5202,1812,16.17
5252,1812,17.15
5302,1812,16.82
5352,1812,17.46
5402,1812,17.78
5452,1812,17.13
5502,1812,18.44
5552,1812,18.44
5602,1812,18.44
5652,1812,19.72
5702,1812,19.72
5752,1812,19.72
5802,1812,20.99
5852,1812,21.01
5902,1812,21.3
5952,1812,21.59
6002,1812,21.59
6052,1812,22.76
6102,1812,22.76
6152,1812,23.05
6202,1812,23.34
6252,1812,23.92
6302,1812,24.22
6352,1812,24.22
6402,1812,26.26
6452,1812,24.8
6502,1812,24.8
6552,1812,25.09
6602,1812,26.26
6652,1812,27.15
6702,1812,26.57
6752,1812,27.42
6802,1812,28.26
6852,1812,27.71
6902,1812,28.54
6952,1812,28.54
7002,1812,28.01
7052,1812,28.81
7102,1812,29.58
7152,1812,29.84
7203,1812,30.1
7253,1812,29.84
7303,1812,29.58
7353,1812,30.63
7403,1812,30.37
7453,1812,30.37
7503,1812,30.9
7553,1812,31.16
7603,1812,31.83
7653,1812,32.1
7703,1812,32.1
7753,1812,33.43
7803,1812,33.94
7853,1812,33.15
7903,1812,32.88
7953,1812,33.41
8003,1812,33.94
8053,1812,33.15
8103,1812,32.62
8153,1812,33.41
8203,1812,32.62
8253,1812,32.64
8303,1812,32.62
8353,1812,33.68
8403,1812,33.15
8453,1812,33.15
8503,1812,33.15
8553,1812,33.15
8603,1812,33.15
8654,1812,33.43
8704,1812,33.15
8754,1812,33.43
8804,1812,33.67
8854,1812,33.43
8904,1812,33.67
8954,1812,33.43
9004,1812,33.68
9054,1812,33.43
9104,1812,33.67
9154,1812,33.43
9204,1812,34.2
9254,1812,33.94
9304,1812,34.2
9354,1812,33.15
9404,1812,33.41
9454,1812,34.47
9504,1812,33.41
9554,1812,34.47
9604,1812,33.94
9654,1812,34.21
9704,1812,33.94
9754,1812,34.2
9804,1812,34.45
9854,1812,34.21
9904,1812,34.45
9954,1812,34.21
10004,1812,34.45
10054,1812,33.41
10104,1812,33.67
10154,1812,33.43
10204,1812,33.68
10254,1812,34.71
10304,1812,34.95
10354,1812,33.94
10404,1812,34.2
10454,1812,33.96
10504,1812,34.71
10554,1812,33.15
10604,1812,33.41
10654,1812,34.47
10704,1812,34.73
10754,1812,33.68
10804,1812,33.94
10854,1812,34.2
10904,1812,34.47
10954,1812,34.21
11004,1812,34.45
11054,1812,34.21
11104,1812,34.47
11154,1812,34.69
11204,1812,34.95
11254,1812,33.94
11304,1812,34.2
11354,1812,36.08
11404,1812,34.71
11454,1812,33.96
11504,1812,34.71
11555,1812,34.47
11605,1812,34.71
11655,1812,34.47
11705,1812,34.73
11755,1812,34.47
11805,1812,34.71
11855,1812,34.92
11905,1812,35.17
11955,1812,34.21
12005,1812,34.47
12055,1812,34.69
12105,1812,34.93
12155,1812,34.69
12205,1812,34.97
12255,1812,34.69
12305,1812,35.88
12355,1812,34.47
12405,1812,34.73
12455,1812,34.47
12505,1812,35.17
12555,1812,35.86
12605,1812,34.93
12655,1812,34.69
12705,1812,34.95
12755,1812,34.69
12805,1812,34.95
12855,1812,34.69
12905,1812,34.95
12955,1812,34.71
13006,1812,34.93
13056,1812,34.69
13106,1812,35.41
13156,1812,34.71
13206,1812,35.41
13256,1812,35.17
13306,1812,35.4
13356,1812,35.64
13406,1812,36.34
13456,1812,35.38
13506,1812,36.34
13556,1812,34.47
13606,1812,34.71
13656,1812,34.47
13706,1812,34.73
13756,1812,35.84
13806,1812,34.71
13856,1812,34.47
13906,1812,34.73
13956,1812,36.1
14006,1812,34.71
14056,1812,36.32
14106,1812,34.71
14156,1812,36.56
14206,1812,34.71
14256,1812,34.93
14306,1812,34.73
14356,1812,34.23
14406,1812,35.19
14456,1812,34.93
14506,1812,35.65
14556,1812,34.93
14606,1812,34.71
14656,1812,34.68
14706,1812,35.19
14756,1812,34.93
14806,1812,35.64
14856,1812,35.86
14906,1812,35.64
14956,1812,34.69
